{"train/loss": 3.1567, "train/learning_rate": 4.878048780487805e-07, "train/epoch": 29.91, "train/global_step": 1740, "_timestamp": 1694432720.8731685, "_runtime": 6925.316643476486, "_step": 34, "eval/loss": 3.1384024620056152, "eval/runtime": 11.0626, "eval/samples_per_second": 20.971, "eval/steps_per_second": 2.621, "train/train_runtime": 6897.2463, "train/train_samples_per_second": 9.112, "train/train_steps_per_second": 0.252, "train/total_flos": 1.4429517070470267e+18, "train/train_loss": 3.2936755257091304, "_wandb": {"runtime": 6922}}