{"train/loss": 2.808, "train/learning_rate": 7.968127490039842e-08, "train/epoch": 29.94, "train/global_step": 2610, "_timestamp": 1694457029.8999536, "_runtime": 10413.69733762741, "_step": 52, "eval/loss": 3.1776671409606934, "eval/runtime": 11.0993, "eval/samples_per_second": 20.902, "eval/steps_per_second": 2.613, "train/train_runtime": 10383.0809, "train/train_samples_per_second": 9.078, "train/train_steps_per_second": 0.251, "train/total_flos": 2.1723717294387118e+18, "train/train_loss": 2.920784948063993, "_wandb": {"runtime": 10412}}