{
    "rouge-1": 14.67471119918699,
    "rouge-2": 1.4612608333333335,
    "rouge-l": 11.434773760162601,
    "bleu-4": 6.598017215447155
}