{
    "rouge-1": 36.43160335365853,
    "rouge-2": 10.320205284552847,
    "rouge-l": 30.301999593495935,
    "bleu-4": 10.997124207317073
}