{
    "rouge-1": 15.178094593495933,
    "rouge-2": 1.4220849390243904,
    "rouge-l": 11.96743788617886,
    "bleu-4": 7.207070365853658
}