{
    "rouge-1": 37.95509241869918,
    "rouge-2": 12.043028821138211,
    "rouge-l": 31.87421595528456,
    "bleu-4": 12.751121666666666
}