{
    "rouge-1": 15.510993699186992,
    "rouge-2": 1.703537743902439,
    "rouge-l": 12.238842479674796,
    "bleu-4": 7.437776869918698
}