{
    "rouge-1": 35.82935605691056,
    "rouge-2": 9.666171605691057,
    "rouge-l": 29.535200101626014,
    "bleu-4": 10.465865426829268
}