{
    "single": {
        "rouge-1": 30.52990896551724,
        "rouge-2": 7.164339633620689,
        "rouge-l": 18.36448704741379,
        "bleu-4": 6.108035495689655
    },
    "mix_all": {
        "rouge-1": 31.259813362068966,
        "rouge-2": 7.21941849137931,
        "rouge-l": 18.996873512931035,
        "bleu-4": 6.145205086206897
    },
    "mix_half": {
        "rouge-1": 32.120320818965517,
        "rouge-2": 7.741649719827585,
        "rouge-l": 19.184482025862067,
        "bleu-4": 6.466170581896553
    }
}