{
    "single":{
        "rouge-1": 14.67471119918699,
        "rouge-2": 1.4612608333333335,
        "rouge-l": 11.434773760162601,
        "bleu-4": 6.598017215447155
    },
    "mix_all":{
        "rouge-1": 15.178094593495933,
        "rouge-2": 1.4220849390243904,
        "rouge-l": 11.96743788617886,
        "bleu-4": 7.207070365853658
    },
    "mix_half":{
        "rouge-1": 15.510993699186992,
        "rouge-2": 1.703537743902439,
        "rouge-l": 12.238842479674796,
        "bleu-4": 7.437776869918698
    }
}