{"train/loss": 2.5099, "train/learning_rate": 4.733727810650888e-07, "train/epoch": 29.91, "train/global_step": 3480, "_timestamp": 1694446596.5786061, "_runtime": 13854.697441101074, "_step": 68, "eval/loss": 3.2322871685028076, "eval/runtime": 11.1363, "eval/samples_per_second": 20.833, "eval/steps_per_second": 2.604, "train/train_runtime": 13823.687, "train/train_samples_per_second": 9.093, "train/train_steps_per_second": 0.252, "train/total_flos": 2.8920286569295135e+18, "train/train_loss": 2.613878530743478, "_wandb": {"runtime": 13853}}